Names,Date
Artem Kazuki,2018-10-08
Lewis Nancy,2018-10-15
Kazuki Lewis,2018-10-22
Artem Lewis,2018-10-29
Kazuki Nancy,2018-11-05
Artem Nancy,2018-11-12
Artem Kazuki,2018-11-19
Lewis Nancy,2018-11-26
Kazuki Lewis,2018-12-03
Artem Lewis,2018-12-10
Kazuki Nancy,2018-12-17
Artem Nancy,2018-12-24
Artem Kazuki,2018-12-31
Lewis Nancy,2019-01-07
Kazuki Lewis,2019-01-14
Artem Lewis,2019-01-21
Kazuki Nancy,2019-01-28
Artem Nancy,2019-02-04
Artem Kazuki,2019-02-11
Lewis Nancy,2019-02-18
Kazuki Lewis,2019-02-25
Artem Lewis,2019-03-04
Kazuki Nancy,2019-03-11
Artem Nancy,2019-03-18
Artem Kazuki,2019-03-25
Lewis Nancy,2019-04-01
Kazuki Lewis,2019-04-08
Artem Lewis,2019-04-15
Kazuki Nancy,2019-04-22
Artem Nancy,2019-04-29
Artem Kazuki,2019-05-06
Lewis Nancy,2019-05-13
Kazuki Lewis,2019-05-20
Artem Lewis,2019-05-27
Kazuki Nancy,2019-06-03
Artem Nancy,2019-06-10
Artem Kazuki,2019-06-17
Lewis Nancy,2019-06-24
Kazuki Lewis,2019-07-01
Artem Lewis,2019-07-08
Kazuki Nancy,2019-07-15
Artem Nancy,2019-07-22
Artem Kazuki,2019-07-29
Lewis Nancy,2019-08-05
Kazuki Lewis,2019-08-12
Artem Lewis,2019-08-19
Kazuki Nancy,2019-08-26
Artem Nancy,2019-09-02
Artem Kazuki,2019-09-09
Lewis Nancy,2019-09-16
Kazuki Lewis,2019-09-23
Artem Lewis,2019-09-30
Kazuki Nancy,2019-10-07
Artem Nancy,2019-10-14
Artem Kazuki,2019-10-21
Lewis Nancy,2019-10-28
Kazuki Lewis,2019-11-04
Artem Lewis,2019-11-11
Kazuki Nancy,2019-11-18
Artem Nancy,2019-11-25
Artem Kazuki,2019-12-02
Lewis Nancy,2019-12-09
Kazuki Lewis,2019-12-16
Artem Lewis,2019-12-23
Kazuki Nancy,2019-12-30
Artem Nancy,2020-01-06
Artem Kazuki,2020-01-13
Lewis Nancy,2020-01-20
Kazuki Lewis,2020-01-27
Artem Lewis,2020-02-03
Kazuki Nancy,2020-02-10
Artem Nancy,2020-02-17
Artem Kazuki,2020-02-24
Lewis Nancy,2020-03-02
Kazuki Lewis,2020-03-09
Artem Lewis,2020-03-16
Kazuki Nancy,2020-03-23
Artem Nancy,2020-03-30
Artem Kazuki,2020-04-06
Lewis Nancy,2020-04-13
Kazuki Lewis,2020-04-20
Artem Lewis,2020-04-27
Kazuki Nancy,2020-05-04
Artem Nancy,2020-05-11
Artem Kazuki,2020-05-18
Lewis Nancy,2020-05-25
Kazuki Lewis,2020-06-01
Artem Lewis,2020-06-08
Kazuki Nancy,2020-06-15
Artem Nancy,2020-06-22
Artem Kazuki,2020-06-29
Lewis Nancy,2020-07-06
Kazuki Lewis,2020-07-13
Artem Lewis,2020-07-20
Kazuki Nancy,2020-07-27
Artem Nancy,2020-08-03
Artem Kazuki,2020-08-10
Lewis Nancy,2020-08-17
Kazuki Lewis,2020-08-24
Artem Lewis,2020-08-31
